species,acronym,S1_LI1_DAY0,S1_LI2_DAY0,S1_LI3_DAY0,S1_X1_DAY0,S1_X2_DAY0,S1_X3_DAY0,S1_HI1_DAY0,S1_HI2_DAY0,S1_HI3_DAY0,S1_LI1_DAY15,S1_LI2_DAY15,S1_LI3_DAY15,S1_X1_DAY15,S1_X2_DAY15,S1_X3_DAY15,S1_HI1_DAY15,S1_HI2_DAY15,S1_HI3_DAY15,S1_LI1_DAY30,S1_LI2_DAY30,S1_LI3_DAY30,S1_X1_DAY30,S1_X2_DAY30,S1_X3_DAY30,S1_HI1_DAY30,S1_HI2_DAY30,S1_HI3_DAY30,S1_LI1_DAY45,S1_LI2_DAY45,S1_LI3_DAY45,S1_X1_DAY45,S1_X2_DAY45,S1_X3_DAY45,S1_HI1_DAY45,S1_HI2_DAY45,S1_HI3_DAY45,S2_LI1_DAY0,S2_LI2_DAY0,S2_LI3_DAY0,S2_X1_DAY0,S2_X2_DAY0,S2_X3_DAY0,S2_HI1_DAY0,S2_HI2_DAY0,S2_HI3_DAY0,S2_LI1_DAY15,S2_LI2_DAY15,S2_LI3_DAY15,S2_X1_DAY15,S2_X2_DAY15,S2_X3_DAY15,S2_HI1_DAY15,S2_HI2_DAY15,S2_HI3_DAY15,S2_LI1_DAY30,S2_LI2_DAY30,S2_LI3_DAY30,S2_X1_DAY30,S2_X2_DAY30,S2_X3_DAY30,S2_HI1_DAY30,S2_HI2_DAY30,S2_HI3_DAY30,S2_LI1_DAY45,S2_LI2_DAY45,S2_LI3_DAY45,S2_X1_DAY45,S2_X2_DAY45,S2_X3_DAY45,S2_HI1_DAY45,S2_HI2_DAY45,S2_HI3_DAY45,S3_LI1_DAY0,S3_LI2_DAY0,S3_LI3_DAY0,S3_X1_DAY0,S3_X2_DAY0,S3_X3_DAY0,S3_HI1_DAY0,S3_HI2_DAY0,S3_HI3_DAY0,S3_LI1_DAY15,S3_LI2_DAY15,S3_LI3_DAY15,S3_X1_DAY15,S3_X2_DAY15,S3_X3_DAY15,S3_HI1_DAY15,S3_HI2_DAY15,S3_HI3_DAY15,S3_LI1_DAY30,S3_LI2_DAY30,S3_LI3_DAY30,S3_X1_DAY30,S3_X2_DAY30,S3_X3_DAY30,S3_HI1_DAY30,S3_HI2_DAY30,S3_HI3_DAY30,S3_LI1_DAY45,S3_LI2_DAY45,S3_LI3_DAY45,S3_X1_DAY45,S3_X2_DAY45,S3_X3_DAY45,S3_HI1_DAY45,S3_HI2_DAY45,S3_HI3_DAY45
Achnanthidium minutissimum  ,ADMI,0,0,0,0,0,0,0,0,0,0,0,0,0,6,0,0,0,0,0,0,0,0,0,0,0,0,1,0,0,0,0,0,0,0,0,0,0,0,0,0,0,0,4,0,0,0,23,1,1,1,5,0,1,0,0,0,0,2,1,0,0,0,0,3,6,1,0,0,0,0,0,0,2,0,0,1,1,0,5,0,5,0,0,0,0,2,0,2,0,1,0,0,0,0,0,0,0,0,1,0,0,0,0,0,0,0,0,0
Achnanthes exigua var. exigua ,AEXG,0,0,0,0,0,0,0,0,0,0,0,0,0,0,0,1,1,2,0,0,0,0,0,0,2,1,2,0,0,0,0,0,0,0,0,1,0,0,0,0,0,0,0,0,0,0,0,0,0,0,0,0,0,0,0,0,0,0,0,0,0,0,0,0,0,0,0,0,0,2,0,0,0,0,0,0,0,0,0,0,0,0,0,0,0,0,0,0,0,0,0,1,0,0,0,0,0,0,0,0,0,0,0,0,0,0,0,0
Amphora libyca  ,ALIB,0,0,0,0,0,0,0,0,0,0,0,0,0,0,0,0,0,0,0,0,0,0,0,0,0,0,0,0,1,0,0,0,0,0,0,0,0,0,0,0,0,0,0,0,0,0,1,0,0,0,0,0,0,0,0,0,0,0,0,0,0,0,0,0,0,0,0,0,0,0,0,0,0,0,0,0,0,0,0,0,0,0,0,0,0,0,0,0,0,0,1,0,0,0,0,1,0,0,0,0,0,0,2,4,2,0,1,0
Anomoeoneis sphaerophora  ,ASPH,0,0,0,0,0,0,0,0,0,0,0,0,0,0,0,0,0,0,0,0,0,0,0,0,0,0,0,0,0,0,0,0,0,0,0,0,0,0,0,0,0,0,0,0,0,0,2,0,0,0,0,0,0,0,0,0,0,0,0,0,0,0,0,0,0,0,0,0,0,0,0,0,0,0,0,1,0,0,4,5,4,0,0,0,0,0,0,1,1,2,0,0,0,1,0,2,0,2,10,0,0,0,4,2,0,2,1,3
Craticula ambigua  ,CAMB,0,0,1,1,0,0,2,0,0,0,0,1,0,0,0,0,0,1,0,0,0,0,0,1,3,3,1,0,0,0,0,0,0,12,23,0,0,0,0,0,0,0,0,0,0,0,1,0,0,0,0,0,1,0,0,0,1,1,0,0,0,0,0,0,0,1,0,0,0,0,0,0,0,0,0,0,0,0,0,0,0,0,0,0,1,0,0,0,0,0,0,0,0,1,2,1,0,1,2,0,0,1,1,0,0,0,0,0
Caloneis bacillum  ,CBAC,0,0,0,0,0,0,0,0,0,0,0,0,0,1,0,0,0,0,0,0,0,0,1,0,0,0,2,0,0,0,0,0,0,0,0,0,0,0,0,0,0,0,0,0,0,0,2,1,12,0,1,0,0,1,0,0,0,0,0,0,0,0,0,1,0,0,0,0,0,0,0,1,0,0,0,0,1,0,0,0,0,0,0,0,0,0,1,0,0,0,0,0,0,1,0,0,0,0,0,0,0,0,0,1,0,1,0,1
Craticula halophila  ,CHAL,0,0,0,0,0,0,0,0,0,0,0,0,0,0,0,0,0,0,0,0,0,0,0,0,0,0,0,0,0,2,4,0,0,4,0,0,0,0,0,0,0,0,1,0,0,0,0,0,0,0,0,0,0,0,0,0,0,0,0,0,0,0,0,1,0,0,0,0,0,0,0,0,0,0,0,0,0,0,0,0,0,0,0,0,0,0,0,0,0,0,0,0,0,0,0,0,0,0,0,0,0,0,0,0,0,0,0,0
Cyclotella meneghiniana  ,CMEN,10,0,0,0,0,0,2,0,0,0,0,0,0,0,0,0,0,0,0,0,0,0,0,0,0,0,0,0,0,0,2,0,0,0,0,0,0,0,0,0,0,0,0,0,0,0,0,0,0,0,0,0,0,0,0,0,0,0,0,0,0,0,0,0,0,0,0,0,0,0,0,0,0,0,0,0,0,0,0,0,0,0,0,0,0,0,0,0,0,0,0,0,0,0,0,0,0,0,0,55,126,98,35,40,27,0,0,0
Craticula molestiformis  ,CMLF,4,0,4,0,0,0,0,0,5,0,1,0,0,0,0,0,0,0,1,2,1,0,0,0,0,0,0,0,1,0,0,0,0,0,0,0,2,0,0,3,2,0,3,0,2,0,0,0,0,1,0,0,0,0,0,0,0,0,0,1,0,0,0,0,0,0,0,0,0,0,0,0,0,0,1,0,0,0,0,1,0,2,2,2,0,3,0,0,0,1,0,0,0,1,0,0,0,0,0,0,0,1,2,1,0,0,0,0
Caloneis molaris  ,CMOL,0,0,0,0,0,0,0,0,0,0,0,0,0,0,0,0,0,0,0,0,0,0,0,0,0,0,0,0,0,0,0,0,0,0,0,0,0,0,0,0,0,0,0,0,0,0,2,1,0,0,0,0,0,0,0,0,0,0,0,0,0,0,0,0,0,0,0,0,0,0,0,0,0,0,0,0,0,0,0,0,0,0,0,0,0,0,0,0,0,0,0,0,0,0,0,0,0,0,0,0,0,0,0,0,0,0,0,0
Cocconeis placentula var. placentula ,CPLA,1,0,0,0,0,0,0,0,0,0,0,0,0,0,0,0,0,0,0,1,0,1,0,0,0,1,0,0,1,1,0,0,0,0,0,0,0,0,0,0,0,0,0,0,0,0,0,0,0,0,0,0,0,0,0,0,0,0,0,0,0,0,0,0,0,0,0,0,0,0,0,0,0,0,0,0,0,0,0,1,0,0,0,0,0,0,0,0,0,0,0,0,0,0,0,0,0,0,0,0,0,0,1,0,0,0,0,0
Cocconeis placentula var. euglypta ,CPLE,0,0,0,0,0,0,0,0,0,0,0,0,0,0,0,0,0,0,0,0,0,0,0,0,0,0,0,0,0,0,0,0,0,0,0,0,0,0,0,0,0,0,0,0,0,0,0,0,0,0,0,0,0,0,0,0,0,0,0,0,0,0,3,0,0,0,0,0,0,0,0,0,0,0,0,0,0,0,0,0,0,0,0,0,0,0,0,0,0,0,0,0,0,0,0,0,0,0,0,0,0,0,0,0,0,0,0,0
Craticula accomoda  ,CRAC,3,0,0,0,2,0,1,0,1,0,1,1,0,0,1,0,0,0,6,0,0,0,1,3,0,0,2,6,0,2,0,0,1,0,0,43,0,5,0,0,0,0,0,1,1,0,0,0,0,0,0,1,0,0,0,0,1,0,0,0,0,0,0,0,0,0,0,0,0,1,0,0,2,1,0,1,0,1,0,0,0,0,0,1,0,0,1,3,1,7,0,0,0,1,0,0,2,10,1,0,0,3,2,1,0,1,1,3
Craticula cuspidata  ,CRCU,0,0,0,0,0,0,1,0,0,0,0,0,0,0,0,0,0,0,0,0,0,0,0,0,0,0,0,0,0,0,0,0,0,0,2,0,0,0,0,0,0,0,0,0,0,0,0,0,0,0,0,0,0,0,0,0,0,0,0,0,0,0,0,0,0,0,0,0,0,0,0,0,0,0,0,0,0,0,0,0,0,0,0,0,0,0,0,0,0,0,0,0,0,0,0,0,0,0,0,0,0,0,0,0,0,0,0,0
Diadesmis confervacea  ,DCOF,0,0,0,0,0,0,0,0,0,10,0,0,0,0,0,0,0,0,1,0,0,0,0,0,0,0,0,0,0,0,0,0,0,0,0,0,0,0,0,0,0,0,0,0,0,0,0,0,1,0,1,0,0,0,0,0,0,0,0,0,0,0,0,0,0,0,0,0,0,0,0,1,0,0,0,0,0,0,0,0,0,0,0,0,0,0,0,0,0,0,0,0,0,0,0,0,0,1,0,0,0,0,0,0,0,0,0,0
Diadesmis contenta  ,DCOT,0,0,0,0,0,0,0,0,0,0,0,1,0,0,0,2,0,0,1,0,0,0,1,0,0,0,0,0,0,0,0,0,0,0,0,0,0,1,0,0,0,0,0,0,0,0,0,0,0,0,0,0,0,0,0,0,0,0,0,0,0,0,0,0,0,0,0,0,0,0,0,0,0,0,0,0,0,0,1,0,1,0,0,0,0,0,0,0,0,0,1,0,0,0,0,0,0,0,0,0,0,0,0,0,0,0,0,0
Diploneis elliptica  ,DELL,0,0,0,0,0,0,0,0,0,1,0,0,1,0,0,0,0,0,0,0,0,0,0,0,0,0,0,0,0,0,0,0,0,0,0,0,0,0,0,0,0,0,0,0,0,0,0,0,0,0,0,0,0,0,0,0,0,0,0,0,0,0,0,0,0,0,0,0,0,0,0,0,0,0,0,0,0,0,0,0,0,0,0,0,0,0,0,0,0,0,0,0,0,0,0,0,0,0,0,0,0,0,0,0,0,0,0,0
Denticula kuetzingii var. kuetzingii ,DKUE,0,0,0,0,0,0,0,0,0,0,0,0,0,0,0,0,0,3,0,0,0,0,0,0,0,0,0,0,0,0,0,0,0,0,0,0,0,0,0,0,0,0,0,0,0,0,0,0,0,0,0,0,0,0,0,0,0,0,0,0,0,0,0,0,0,0,0,0,0,0,0,0,0,0,0,0,0,0,0,0,0,0,0,0,0,0,0,0,0,0,0,0,0,0,0,0,0,0,0,0,0,0,0,0,0,0,0,0
Diploneis ovalis  ,DOVA,0,0,0,0,0,0,0,0,0,0,0,0,0,0,0,0,0,0,0,0,0,0,0,0,0,0,0,0,0,0,0,0,0,0,0,0,0,0,0,0,0,0,0,0,0,0,0,0,0,0,0,0,0,0,0,0,0,0,0,0,0,0,0,0,0,0,0,0,0,0,0,0,0,0,0,0,0,0,0,0,0,0,0,0,0,0,0,0,0,0,1,0,0,0,0,0,0,0,0,0,0,0,0,0,0,0,0,0
Diploneis puella  ,DPUE,0,0,0,0,0,0,0,0,0,0,0,0,0,0,0,1,0,1,0,0,0,0,0,0,0,1,2,0,0,0,0,0,0,0,0,0,0,0,0,0,0,0,0,0,0,0,0,0,0,0,0,0,0,0,0,0,0,0,0,0,0,0,0,0,0,0,0,0,0,0,0,0,0,0,0,0,0,0,0,0,0,0,0,0,0,0,0,0,0,0,0,0,0,0,0,0,0,0,0,0,0,0,0,0,0,0,0,0
Denticula subtilis  ,DSUB,0,0,0,0,0,0,0,0,0,0,0,0,0,0,0,0,0,0,0,1,0,0,1,0,0,1,0,0,0,0,0,0,0,0,0,0,0,0,0,1,0,0,1,3,0,0,0,0,2,3,0,0,13,1,0,0,0,10,11,0,41,0,1,0,0,0,0,0,0,0,0,10,0,1,0,0,0,0,0,0,0,0,0,0,0,0,0,0,0,0,0,0,0,0,0,1,0,0,0,0,0,0,0,0,0,0,0,0
Eunotia bilunaris var. bilunaris ,EBIL,0,0,0,0,0,0,0,0,0,0,1,0,0,0,0,0,0,0,0,0,0,1,0,0,0,0,0,0,0,0,0,0,0,0,0,0,0,0,0,0,0,0,0,0,0,0,0,0,0,0,0,0,0,0,0,0,0,0,0,0,0,0,0,0,0,0,0,0,0,0,0,0,0,0,0,0,0,0,0,0,0,0,0,0,0,0,0,0,0,0,0,0,0,0,0,0,0,0,0,0,0,0,0,0,0,0,0,0
Encyonema minutum  ,ENMI,0,0,0,1,0,0,0,0,0,1,1,0,0,3,0,0,0,0,0,0,0,0,0,0,1,2,0,1,0,1,0,0,0,3,2,4,0,0,0,0,0,0,0,0,0,0,3,0,0,0,3,0,0,0,0,0,0,0,0,0,0,0,0,0,0,0,0,0,0,0,0,0,4,5,4,0,0,0,0,0,0,0,4,0,0,0,0,0,0,0,4,8,4,17,2,2,0,0,0,6,5,5,8,1,3,0,1,0
Eolimna minima  ,EOMI,0,0,2,0,1,0,0,0,0,12,8,2,1,0,0,0,1,0,7,0,2,3,1,11,0,1,12,7,0,3,0,0,0,0,0,1,0,0,1,0,0,0,0,0,0,0,0,2,3,0,0,0,0,0,0,1,1,0,9,0,0,0,0,0,0,0,0,2,0,0,0,0,5,6,3,0,0,0,2,0,2,4,1,0,0,0,0,0,0,0,4,0,0,0,0,0,0,0,0,0,0,0,1,0,0,0,0,0
Eunotia pectinalis var. minor ,EPMI,0,0,0,0,0,0,0,0,0,0,0,0,0,0,0,0,0,0,0,0,0,0,0,0,3,0,0,0,0,0,0,0,0,0,0,0,0,0,0,0,0,0,0,0,0,0,0,0,0,0,0,0,0,0,0,0,0,0,0,0,0,0,0,0,0,0,0,0,0,0,0,0,0,0,0,0,0,0,0,0,0,0,0,0,0,0,0,0,0,0,0,0,0,0,0,0,0,0,0,0,0,0,0,0,0,0,0,0
Eunotia pectinalis var. undulata ,EPUN,0,0,0,0,0,0,0,0,0,0,0,0,0,0,0,0,0,0,0,0,0,0,1,0,0,0,0,0,0,0,0,0,0,0,0,0,0,0,0,0,0,0,0,0,0,0,0,0,0,0,0,0,0,0,0,0,0,0,0,0,0,0,0,0,0,0,0,0,0,0,0,0,0,0,0,0,0,0,0,0,0,0,0,0,0,0,0,0,0,0,0,0,0,0,0,0,0,0,0,0,0,0,0,0,0,0,0,0
Eolimna subminuscula  ,ESBM,1,0,0,1,0,8,0,0,5,1,2,0,3,2,2,1,1,1,0,1,0,1,1,2,0,1,1,0,1,2,1,0,0,1,3,4,5,1,2,1,2,0,7,0,4,0,1,0,4,2,1,1,0,0,0,1,1,3,0,1,0,1,1,0,1,0,1,1,0,0,0,0,1,0,2,2,0,0,1,0,1,3,1,4,7,1,2,17,0,19,3,0,1,8,0,4,6,7,9,2,3,0,3,0,5,18,47,48
Encyonema silesiacum  ,ESLE,0,0,0,0,0,0,0,0,0,0,0,0,0,0,0,2,0,4,0,0,0,1,0,0,0,7,1,0,0,0,0,0,0,0,0,0,0,0,0,0,0,0,0,0,0,0,0,0,0,0,0,0,0,0,0,0,0,0,0,0,0,0,0,0,0,0,0,0,0,0,0,0,0,0,5,0,0,0,0,0,0,5,3,0,0,0,0,0,0,0,1,1,0,0,2,0,0,0,0,0,0,0,0,0,0,0,0,0
Eunotia tecta  ,ETEC,0,0,0,0,0,0,0,0,0,0,0,0,0,0,0,0,0,0,0,0,0,0,0,0,0,0,0,0,0,0,0,0,0,0,0,0,0,0,0,0,0,0,0,0,0,0,1,0,0,0,0,0,0,0,0,0,0,0,0,0,0,0,0,0,0,0,0,0,0,0,0,0,0,0,0,0,0,0,0,0,0,0,0,0,0,0,0,0,0,0,0,0,0,0,0,0,0,0,0,0,0,0,0,0,0,0,0,0
Fragilaria capucina var. capucina ,FCAP,0,0,0,1,0,0,1,0,2,0,0,0,0,0,0,0,0,0,0,0,0,0,0,0,0,0,0,2,10,1,3,1,2,0,4,0,0,0,0,0,0,1,0,0,0,0,0,0,0,0,0,0,0,0,0,0,0,0,0,0,0,0,0,0,0,0,0,0,0,0,0,0,0,2,1,0,0,0,0,0,0,0,0,0,0,0,0,0,0,0,0,0,0,1,1,1,0,0,0,0,0,0,0,0,0,0,0,0
Fallacia clepsidroides  ,FCLE,0,0,0,0,0,0,0,2,0,0,0,0,0,0,0,0,0,0,0,0,0,0,0,0,0,1,0,0,0,2,4,0,1,1,5,0,0,0,0,0,0,1,0,0,0,0,0,0,3,1,8,1,0,0,0,0,0,0,0,0,0,0,0,0,0,0,0,0,0,0,0,0,0,0,0,0,0,0,0,0,0,0,0,0,0,0,0,0,0,0,0,0,0,0,0,0,0,0,0,0,0,0,0,0,0,0,0,1
Fragilaria capucina var. vaucheriae ,FCVA,0,0,0,0,0,0,0,0,0,0,0,0,0,0,0,0,0,0,0,0,0,0,0,0,0,0,0,0,0,0,0,0,0,0,0,0,1,0,0,0,1,0,0,0,0,0,0,0,0,0,0,0,0,0,0,0,0,0,0,0,0,0,0,0,0,0,0,0,0,0,0,0,0,0,0,0,0,0,0,0,0,0,0,0,0,0,0,0,0,0,0,0,0,0,0,0,0,0,0,0,0,0,0,0,0,0,0,0
Fallacia insociabilis  ,FINS,0,0,0,0,0,0,0,0,0,0,0,0,0,0,0,0,0,0,0,0,0,0,0,0,0,0,0,0,0,0,0,0,0,0,0,0,0,0,0,0,1,0,0,0,0,0,0,0,0,0,0,0,0,0,0,0,0,0,0,0,0,0,0,0,0,0,0,0,0,0,0,0,0,0,0,0,0,0,0,0,0,0,0,0,0,0,0,0,0,0,0,0,0,0,0,0,0,0,0,0,0,0,0,0,0,0,0,0
Fallacia monoculata  ,FMOC,31,244,28,179,0,43,11,144,18,81,50,33,270,25,345,54,44,101,43,21,261,38,22,223,41,53,171,18,37,50,29,5,12,12,54,29,124,6,65,79,52,15,60,96,137,360,29,16,100,107,76,193,117,210,118,109,101,75,225,101,216,371,89,1,156,124,54,85,78,326,327,309,53,44,25,0,1,1,1,0,1,32,6,19,15,15,5,39,8,33,25,19,12,20,27,9,8,11,20,146,21,47,6,9,6,13,40,27
Fallacia omissa  ,FOMI,0,0,0,0,0,0,1,0,0,0,0,0,0,0,0,0,0,0,0,0,0,0,0,0,0,0,0,0,0,0,0,0,0,0,0,0,0,0,0,0,0,0,0,0,7,0,0,0,0,0,0,0,0,0,0,0,0,0,0,0,0,0,0,0,0,0,0,0,0,0,0,0,0,0,0,0,0,0,0,0,0,0,0,0,0,0,0,0,0,0,0,0,0,0,0,0,0,0,0,1,0,0,1,0,0,0,0,0
Frustulia pumilio  ,FPUM,0,0,0,0,0,0,0,0,0,0,0,0,0,0,0,0,0,0,0,0,0,0,0,0,0,0,0,0,0,1,0,0,0,0,1,0,0,0,0,0,0,0,0,3,0,0,0,0,7,5,0,0,0,0,0,0,0,1,0,0,1,0,0,0,0,0,0,0,0,0,0,1,0,0,0,0,0,0,0,0,0,0,0,0,0,0,0,0,0,0,0,0,0,0,0,0,0,0,0,0,0,0,0,0,0,0,0,0
Fallacia pygmaea ssp. pygmaea ,FPYG,3,1,5,10,13,4,4,3,3,1,2,0,6,0,2,2,2,2,0,1,2,2,0,0,3,1,1,0,0,0,0,0,0,0,0,1,0,1,0,0,9,0,5,1,0,0,0,0,1,0,1,0,4,0,0,1,1,4,1,2,0,1,1,0,1,1,3,3,1,0,0,0,0,0,1,0,0,0,1,0,1,0,0,0,0,1,0,0,0,0,0,0,0,0,1,1,0,0,6,0,0,0,1,0,0,0,0,0
Frustulia rhomboides var. rostrata ,FRRO,0,0,0,0,0,0,0,0,0,0,0,0,0,0,0,0,0,0,0,0,0,0,0,0,0,0,0,0,0,0,0,0,0,0,0,0,0,0,0,0,0,0,0,0,0,0,0,0,0,0,0,0,0,0,0,0,0,0,0,0,0,0,0,0,0,0,0,0,0,0,0,0,0,0,0,0,0,0,0,0,0,0,0,0,0,0,0,0,0,0,0,0,0,0,0,0,0,0,0,1,0,0,0,0,0,0,0,0
Fallacia tenera  ,FTNR,0,1,0,0,0,0,1,0,0,0,0,0,0,2,0,4,0,1,0,0,0,2,3,0,3,2,2,0,0,0,0,0,0,2,1,1,0,0,0,0,0,1,0,0,0,0,0,0,0,0,0,0,0,0,0,0,0,0,0,0,0,0,0,0,0,0,0,0,0,0,0,0,6,2,2,0,0,0,0,0,0,0,0,1,0,0,0,0,0,0,3,0,2,1,0,0,0,0,0,1,1,0,0,0,0,0,0,0
Frustulia vulgaris  ,FVUL,0,0,0,0,0,0,0,0,0,0,0,16,0,0,0,0,0,0,0,3,0,0,0,2,0,2,0,0,1,1,2,4,1,0,0,1,0,8,0,0,0,0,0,4,0,0,1,0,5,1,1,0,1,1,0,0,0,0,0,0,6,0,3,0,0,0,0,0,2,0,0,7,4,3,11,0,0,0,0,0,0,3,19,2,0,0,0,0,0,0,1,1,2,1,0,0,0,0,1,8,2,14,0,0,0,0,0,0
Gomphonema affine  ,GAFF,0,0,1,0,0,0,0,0,0,0,0,0,0,0,0,1,0,0,1,1,0,0,0,0,0,0,0,0,0,0,2,0,1,0,0,0,0,0,0,0,0,0,0,0,0,0,0,0,0,0,0,0,0,0,0,0,0,0,0,0,0,0,0,0,0,0,0,0,0,0,0,0,1,0,0,0,0,0,0,0,0,0,0,0,0,0,0,0,0,0,0,0,0,0,0,0,0,0,0,0,0,0,0,0,0,0,0,0
Gomphonema angustatum  ,GANG,0,0,0,0,0,0,0,0,0,0,0,0,0,0,0,0,0,0,0,0,0,1,0,0,0,0,0,0,0,1,0,0,0,0,0,0,0,0,0,0,0,0,0,0,0,0,0,0,0,0,0,0,0,0,0,3,1,0,0,0,2,0,0,0,0,0,0,0,0,0,0,0,0,0,0,0,0,0,0,0,0,0,0,0,0,0,0,0,0,0,0,0,0,0,0,0,0,0,0,0,0,0,0,0,0,0,0,0
Gomphonema angustum  ,GANT,0,0,1,0,0,0,0,0,0,0,0,0,0,0,0,0,0,0,0,0,0,0,0,0,0,0,0,0,0,0,0,0,0,0,0,0,1,6,0,0,0,0,0,0,0,0,0,0,0,0,0,0,0,0,0,0,0,0,0,0,0,0,0,0,0,0,0,0,0,0,0,0,0,0,0,0,0,0,0,0,0,0,0,0,0,0,0,0,0,0,0,0,0,0,0,0,0,0,0,0,0,0,0,0,0,0,0,0
Gomphonema clavatum  ,GCLA,1,0,0,0,0,0,0,1,0,6,3,1,0,3,0,0,0,0,0,0,0,0,0,0,0,0,0,1,5,0,1,13,3,1,0,0,1,1,0,0,0,0,1,1,0,0,4,4,0,0,0,0,0,0,0,1,0,1,0,0,4,2,0,7,0,1,0,0,0,1,1,0,1,5,2,0,0,0,1,2,1,0,0,0,0,0,0,0,0,0,18,6,3,3,0,3,0,0,0,5,5,1,11,7,5,0,0,0
Gomphonema gracile  ,GGRA,0,0,0,0,0,0,0,0,0,0,0,0,0,0,0,0,0,0,0,0,0,0,0,0,0,0,1,0,0,0,0,0,0,0,0,0,0,0,0,0,1,0,0,0,0,0,0,3,0,0,3,0,0,0,0,0,0,0,0,0,0,0,0,0,0,0,0,0,0,0,0,0,1,0,0,0,0,0,0,0,0,0,0,0,0,0,0,0,0,0,0,0,0,0,0,0,0,0,0,0,3,0,0,0,0,0,0,0
Gomphonema minutum fo. minutum ,GMIN,0,0,0,0,0,0,0,0,0,0,0,0,0,0,0,0,0,0,0,0,0,0,0,0,0,0,0,0,0,0,0,0,0,0,0,0,0,0,0,0,0,0,0,2,0,0,0,0,0,0,0,0,0,0,0,0,0,0,0,0,0,0,0,0,0,0,0,0,0,0,0,0,0,0,0,0,0,0,0,0,0,0,0,0,0,0,0,0,0,0,0,0,0,0,0,0,0,0,0,0,0,0,0,0,0,0,0,0
Gyrosigma nodiferum  ,GNOD,0,0,0,0,0,0,1,0,0,1,2,0,0,1,0,0,0,0,0,0,0,1,0,0,0,0,0,5,0,1,0,3,1,0,0,0,0,0,0,0,0,0,0,0,3,0,0,1,0,0,4,0,0,2,0,1,0,1,0,0,0,0,0,0,1,1,0,0,0,0,0,0,0,3,5,0,0,0,0,0,0,0,0,0,0,0,0,0,0,0,0,0,0,0,0,0,0,0,0,1,0,5,3,0,0,0,0,0
Gomphonema parvulum var. parvulum fo. parvulum,GPAR,10,5,19,1,2,3,2,3,8,6,40,9,0,13,1,16,7,26,4,5,9,17,35,4,4,12,4,37,54,53,20,191,15,36,16,25,9,10,1,2,3,1,3,1,6,13,38,21,5,1,16,1,1,3,9,14,4,21,2,2,3,4,29,117,25,67,13,3,0,0,20,0,3,9,12,54,62,46,42,52,42,8,1,4,32,44,33,64,51,26,19,0,3,41,26,10,126,54,67,28,7,4,28,41,62,81,200,69
Gomphonema pseudoaugur  ,GPSA,0,0,0,0,0,0,0,0,0,0,0,0,0,0,0,0,0,0,0,0,0,0,0,0,0,0,0,0,0,0,0,0,0,0,0,0,0,0,0,1,1,0,0,0,0,0,0,0,0,0,0,0,0,0,0,0,0,0,0,0,0,0,0,0,0,0,0,0,0,0,0,0,0,0,0,0,0,0,0,0,0,0,0,0,0,0,0,0,0,0,0,0,0,0,0,0,0,0,0,0,0,0,0,0,0,0,0,0
Gomphonema pumilum  ,GPUM,0,0,0,1,0,0,0,0,0,0,0,0,0,0,0,0,0,0,0,0,0,0,0,0,0,0,0,0,0,0,0,0,0,0,0,0,0,0,0,0,0,0,0,0,0,0,0,0,0,0,0,0,0,0,0,0,0,0,0,0,0,0,0,0,0,0,0,0,0,0,0,0,0,0,0,0,0,0,0,0,0,0,0,0,0,0,0,0,0,0,0,0,0,0,0,0,0,0,0,0,0,0,0,0,0,0,0,0
Gyrosigma scalproides  ,GSCA,0,0,0,0,0,0,0,0,0,0,0,0,0,0,0,0,0,0,0,0,0,0,0,0,0,0,0,0,0,0,0,0,0,0,0,1,0,0,0,0,0,0,0,0,0,0,0,0,0,0,0,0,0,0,0,0,0,0,0,0,0,0,0,0,0,0,0,0,0,0,0,NA,0,0,0,0,0,0,0,0,0,3,3,1,0,0,0,0,0,0,1,1,1,0,0,0,0,0,0,0,0,0,0,0,0,0,0,0
Gomphonema truncatum  ,GTRU,0,0,0,0,0,0,0,0,0,0,0,0,0,0,0,0,0,0,0,0,0,0,0,0,0,0,0,0,1,0,0,0,0,0,0,0,0,0,0,0,0,0,0,0,0,0,0,0,0,0,0,0,0,0,0,0,0,0,0,0,0,0,0,0,0,0,0,0,0,0,0,0,0,1,2,0,0,0,0,0,0,0,0,0,0,0,0,0,0,0,0,0,0,0,0,0,0,0,0,0,1,1,1,1,0,0,0,0
Gyrosigma acuminatum  ,GYAC,0,0,0,0,0,0,0,0,0,1,0,2,0,0,0,2,0,0,2,2,1,1,1,0,2,0,0,0,2,0,1,1,0,12,4,6,0,0,0,0,1,0,0,4,0,0,2,0,0,0,0,0,0,0,0,0,0,0,0,0,1,0,0,0,0,0,0,0,1,1,0,0,3,0,7,0,0,0,0,1,0,0,2,0,0,0,0,0,0,0,4,3,1,1,1,2,0,0,0,1,0,0,13,5,0,0,0,0
Hantzschia abundans  ,HABU,0,0,0,0,0,0,0,0,0,0,0,0,0,0,0,0,0,1,1,0,0,0,0,0,0,0,0,1,0,0,0,0,0,0,0,0,0,0,0,0,0,0,0,0,0,0,0,0,0,0,0,0,0,0,0,0,0,0,0,0,0,0,0,0,0,0,0,0,0,0,0,0,0,0,0,0,0,0,0,0,0,0,0,0,0,0,0,0,0,0,0,0,0,0,0,0,0,0,0,0,0,0,0,0,0,0,0,0
Hantzschia amphioxys  ,HAMP,0,0,0,0,0,0,0,0,0,0,0,0,0,0,0,0,0,0,0,0,0,0,0,0,0,0,0,0,0,0,0,0,0,0,0,0,0,0,0,0,0,0,0,0,0,0,3,1,0,0,0,0,0,0,1,1,0,3,0,0,0,0,0,0,0,0,0,0,0,0,0,0,0,0,0,0,0,0,0,0,0,0,0,0,0,0,0,0,0,0,0,0,0,0,0,0,0,0,0,0,0,0,0,0,0,0,0,0
Hippodonta hungarica  ,HHUN,0,0,1,0,0,0,0,1,0,8,3,8,4,4,0,3,1,4,0,0,0,6,2,0,1,0,8,1,1,3,0,11,3,5,2,0,0,0,0,0,0,0,1,0,0,0,0,0,0,1,1,2,0,0,0,0,1,3,0,0,1,0,1,0,0,0,3,1,0,0,1,0,4,4,1,0,0,0,0,0,0,3,1,0,0,0,0,0,0,0,0,1,0,0,0,1,0,0,0,0,0,5,5,1,0,0,0,0
Halamphora montana  ,HLMO,1,0,0,0,1,0,0,0,1,1,0,0,0,17,1,2,7,5,0,0,1,1,7,0,0,8,4,0,1,0,3,0,0,2,1,0,0,0,0,2,1,2,1,5,0,0,3,1,2,3,3,0,2,8,0,0,0,1,8,2,10,0,2,2,0,0,0,0,1,0,0,3,0,0,0,0,0,0,0,0,0,0,1,0,0,0,0,0,0,0,0,0,0,1,1,0,0,0,0,0,0,0,0,0,0,0,0,0
Halamphora veneta  ,HVEN,0,0,1,0,0,0,0,0,0,4,0,0,0,0,0,0,0,0,1,1,0,0,0,0,0,0,0,0,2,1,0,1,1,0,0,0,0,0,0,0,1,0,4,0,0,0,1,0,0,0,1,0,1,0,0,0,0,3,0,2,1,1,4,0,0,0,0,2,1,0,0,0,0,1,2,0,0,0,0,0,0,0,0,0,0,1,0,0,0,0,2,1,0,0,0,0,0,0,0,0,1,0,1,0,0,0,0,0
Luticola cohnii  ,LCOH,0,0,0,0,0,0,0,0,2,0,0,1,0,0,0,1,1,1,0,0,0,0,1,0,0,1,0,0,0,2,0,0,0,0,0,0,0,0,0,0,0,0,0,0,0,0,0,0,0,0,0,0,0,0,0,0,0,0,0,0,0,0,0,0,0,0,0,0,0,0,0,0,1,0,0,0,0,0,0,0,0,0,0,0,0,0,0,0,0,0,0,0,0,0,1,0,0,0,0,0,0,0,0,0,0,0,0,0
Lemnicola hungarica  ,LHUN,6,0,2,0,0,2,0,0,1,1,1,0,0,1,0,0,0,0,0,0,0,0,0,0,0,0,1,1,0,0,0,0,0,0,0,0,0,0,0,4,3,0,22,3,0,0,0,0,8,0,1,3,0,1,0,0,0,14,0,10,3,0,0,0,0,0,2,0,1,0,5,0,1,0,0,5,0,6,1,17,1,0,0,0,3,4,11,4,0,0,0,0,0,0,11,1,0,1,0,0,0,0,3,3,7,6,0,0
Luticola mutica  ,LMUT,0,0,0,0,0,1,0,0,0,1,0,0,1,0,0,7,0,3,3,0,0,1,0,0,0,2,3,0,0,0,0,3,0,5,1,1,0,0,0,0,0,0,0,0,0,0,13,72,0,0,1,0,0,0,1,0,0,1,2,0,2,0,4,207,0,1,0,0,0,0,0,0,3,0,0,1,1,0,0,0,0,0,0,0,0,0,0,0,0,0,0,0,0,0,0,0,0,0,0,0,0,0,0,0,1,0,0,0
Luticola nivalis  ,LNIV,0,0,0,0,0,0,0,0,0,0,0,0,0,0,0,0,0,0,0,0,0,0,0,0,0,0,0,0,0,0,0,0,0,0,0,0,0,0,0,0,0,0,0,0,0,0,1,0,0,0,0,0,0,0,0,0,0,0,0,0,0,0,0,0,0,0,0,0,0,0,0,0,0,0,0,0,0,0,0,0,0,0,0,0,0,0,0,0,0,0,0,0,0,0,0,0,0,0,0,0,0,0,0,0,0,0,0,0
Luticola uruguayensis  ,LURU,0,0,0,0,0,0,0,0,0,1,3,0,0,1,0,0,0,0,0,0,0,0,0,0,0,0,0,0,0,1,0,0,0,0,0,0,0,0,0,0,0,0,0,0,0,0,0,0,0,0,0,0,0,0,0,0,0,0,0,0,0,0,0,0,0,0,0,0,0,0,0,0,0,0,2,0,0,0,0,0,0,0,0,0,0,0,0,0,0,0,0,4,8,0,0,0,0,0,0,4,6,3,0,0,0,0,0,0
Mayamaea atomus  ,MAAT,1,0,0,0,0,0,0,0,0,0,0,0,0,0,0,0,0,0,0,0,0,0,0,0,0,0,0,0,0,0,0,0,0,0,0,0,0,0,0,0,1,0,0,0,0,0,0,0,0,0,0,0,0,0,0,0,0,0,0,0,0,0,0,0,0,0,0,0,0,0,0,0,0,0,0,0,0,0,0,0,0,0,0,0,0,0,0,0,0,0,0,0,0,0,0,0,0,0,0,0,0,0,0,0,0,0,0,0
Mayamaea excelsa  ,MAEX,0,0,0,0,0,0,0,0,1,0,0,0,0,0,0,0,0,0,1,0,0,0,0,0,0,0,0,0,0,0,0,0,0,0,0,0,0,0,0,0,0,0,0,0,0,0,0,0,0,0,0,0,0,0,0,0,0,0,0,0,0,0,0,0,0,0,0,0,0,0,0,0,0,0,0,0,0,0,0,0,0,0,0,0,0,0,0,0,0,1,0,0,0,0,0,0,0,0,0,0,0,0,0,0,0,0,0,0
Mayamaea atomus var. permitis ,MAPE,0,0,7,0,0,0,0,0,4,1,1,1,0,3,3,2,3,0,12,2,1,0,1,0,3,2,3,3,0,2,0,0,0,0,0,0,0,6,1,0,7,1,5,1,1,0,0,0,0,2,1,0,2,1,1,3,0,0,2,0,3,0,0,0,0,0,0,0,0,0,0,0,1,9,1,0,0,0,0,0,0,5,8,3,1,0,1,0,0,0,0,2,0,0,0,0,0,0,0,0,0,0,0,0,0,0,0,0
Melosira varians  ,MVAR,0,0,0,0,0,0,0,0,0,34,17,26,0,0,0,4,0,0,60,186,8,8,0,6,2,0,0,27,18,59,183,2,161,0,0,0,0,0,0,0,0,0,0,0,0,0,0,0,0,0,0,0,0,0,0,0,0,0,0,0,0,0,0,0,0,0,4,2,0,7,134,5,0,0,38,0,0,2,0,2,0,145,129,176,7,0,4,0,0,0,40,167,329,63,40,79,1,2,2,0,0,0,0,0,0,0,0,0
Nitzschia acicularis  ,NACI,1,0,0,0,0,1,2,1,0,0,0,3,0,0,0,0,1,0,1,0,0,1,0,0,0,0,4,0,0,0,0,0,0,0,0,0,2,0,0,0,0,0,0,0,0,0,0,0,0,0,0,0,0,0,0,0,0,0,0,0,0,0,0,0,0,0,0,0,0,0,0,0,0,0,0,0,0,0,0,0,0,0,2,0,0,0,0,0,0,0,2,0,0,0,0,0,0,0,0,1,3,1,0,0,0,0,0,0
Navicula agrestis  ,NAGR,8,1,11,8,0,1,0,0,5,3,4,1,0,1,0,2,2,0,9,2,0,3,3,2,0,4,2,0,1,1,0,0,0,0,0,2,0,0,0,0,5,1,12,0,3,0,0,0,0,10,0,0,4,1,0,0,1,2,2,0,0,3,7,0,0,0,2,2,1,0,0,0,6,1,0,0,0,0,0,0,0,0,0,1,0,0,0,2,0,5,7,0,0,1,0,0,0,1,0,10,1,0,0,0,0,0,3,6
Nitzschia amphibioides  ,NAMH,0,0,0,0,0,5,0,0,0,0,0,0,0,0,0,0,0,0,0,0,0,0,0,0,0,0,0,0,0,0,0,0,0,0,0,0,0,0,0,0,0,0,0,0,0,0,0,3,0,1,0,0,0,0,0,0,0,15,9,0,14,2,0,0,0,0,0,0,0,0,0,0,0,0,0,0,0,0,0,0,0,0,0,0,0,0,0,0,0,0,0,0,0,0,0,0,0,0,0,0,0,0,0,0,0,0,0,0
Nitzschia amphibia fo. amphibia ,NAMP,2,2,13,0,1,3,2,5,6,10,4,1,3,4,2,3,1,5,2,2,0,1,4,4,3,2,2,7,5,5,20,61,0,7,18,0,0,1,0,2,0,2,15,4,1,0,5,2,3,3,6,4,8,2,2,3,2,24,1,0,3,0,121,9,0,3,3,1,1,0,0,2,1,6,1,7,2,2,3,12,3,0,0,4,6,1,2,2,7,0,0,0,0,0,6,5,1,3,6,2,1,9,10,9,1,1,0,1
Navicula atomus var. permitis ,NAPE,0,0,0,0,0,0,0,0,0,0,0,0,0,0,3,0,0,0,0,0,0,0,0,0,0,0,0,0,0,0,0,0,0,0,0,0,0,0,0,0,0,0,0,0,0,0,0,0,0,0,0,0,0,0,0,0,0,0,0,0,0,0,0,0,0,0,0,0,0,0,0,0,0,0,0,0,0,0,0,0,0,0,0,0,0,0,0,0,0,0,0,0,0,0,0,0,0,0,0,0,0,0,0,0,0,0,0,0
Navicula arvensis  ,NARV,3,1,2,2,0,1,1,1,3,4,1,4,2,4,2,0,4,0,5,2,0,3,0,0,3,0,0,0,0,0,0,0,0,0,0,0,0,0,2,0,0,2,0,2,1,2,0,0,0,0,0,1,0,0,3,0,0,3,1,1,1,0,0,0,0,5,0,0,0,0,0,0,3,2,3,0,0,0,0,0,0,0,1,1,0,0,0,0,0,0,5,2,0,0,2,0,0,0,0,0,1,0,0,0,0,0,1,0
Navicula asellus  ,NASE,0,0,0,0,0,0,0,0,0,0,0,0,0,0,0,0,0,0,2,0,0,0,0,0,0,0,0,0,0,0,0,0,0,0,0,0,0,0,0,0,0,0,0,0,0,0,0,0,0,0,0,0,0,0,0,0,0,0,0,0,0,0,0,0,0,0,0,0,0,0,0,0,0,0,0,0,0,0,0,0,0,0,0,0,0,0,0,0,0,0,0,0,0,0,0,0,0,0,0,0,0,0,0,0,0,0,0,0
Nitzschia aurariae  ,NAUR,0,0,0,0,0,1,0,0,1,0,0,0,0,0,0,0,0,0,0,0,0,0,0,0,0,0,0,0,0,0,0,0,0,0,0,0,0,0,0,0,0,0,0,0,0,0,0,0,0,1,0,0,0,0,0,3,0,0,0,1,3,2,0,1,0,0,0,0,1,0,0,0,0,1,0,0,0,0,0,0,0,0,0,0,0,0,0,0,0,0,0,0,0,0,0,0,0,0,0,0,0,0,0,0,0,0,0,0
Nitzschia brevissima  ,NBRE,2,0,1,0,0,0,0,0,1,3,6,1,0,1,0,2,1,0,1,0,0,2,8,0,1,2,1,0,0,1,0,1,0,0,1,0,0,0,0,0,0,0,0,1,0,0,0,0,0,0,1,0,0,0,0,0,0,0,0,0,0,0,0,0,0,0,0,0,0,0,0,0,0,0,2,0,0,0,0,0,0,0,0,0,2,0,0,0,0,0,1,0,0,0,0,0,0,0,0,0,0,0,0,0,0,0,0,0
Nitzschia bergii,NBRG,0,0,0,0,0,0,0,0,0,0,0,0,0,0,0,0,0,0,0,0,0,0,0,0,0,0,0,0,0,0,0,0,0,0,0,0,0,0,0,0,0,0,0,0,0,0,1,0,0,0,0,0,0,0,0,0,0,0,0,0,0,0,0,0,0,0,0,0,0,0,0,0,0,0,0,0,0,0,0,0,0,0,0,0,0,0,0,0,0,0,0,0,0,0,0,0,0,0,0,0,0,0,0,0,0,0,0,0
Navicula cari  ,NCAR,0,0,0,0,0,0,0,0,1,0,0,0,0,0,0,0,0,0,0,0,0,0,0,0,0,0,0,0,0,0,0,0,0,0,0,0,0,0,0,0,0,0,0,0,0,0,0,0,0,0,1,32,15,2,0,1,0,0,0,0,0,0,0,0,0,0,0,0,0,0,0,0,0,0,0,0,0,0,0,0,0,0,0,0,0,0,0,0,0,0,0,0,0,0,0,0,0,0,0,0,0,0,0,0,0,0,0,0
Navicula cincta  ,NCIN,0,0,0,0,0,0,1,1,0,3,0,0,0,7,1,0,6,2,0,0,1,0,1,1,3,0,0,0,0,2,0,0,0,0,0,0,0,0,0,0,16,1,0,1,0,1,0,2,6,14,21,15,25,7,0,2,0,0,1,3,9,0,0,0,0,0,8,2,0,4,0,0,0,2,0,0,0,0,0,0,0,5,3,6,1,0,0,0,0,0,3,0,0,0,0,0,0,0,0,1,0,0,0,0,0,0,0,0
Nitzschia clausii  ,NCLA,0,0,1,0,0,0,0,0,1,0,0,0,0,0,0,1,0,0,0,0,2,0,0,0,0,0,0,0,0,0,0,0,0,0,0,0,0,0,0,0,0,0,0,0,0,0,0,0,2,5,1,0,6,0,0,0,0,2,0,0,3,0,2,0,0,0,0,0,0,0,0,0,10,7,2,0,0,0,0,0,0,0,3,2,0,0,0,0,0,0,1,2,0,0,0,0,0,0,0,0,0,0,0,0,0,0,0,0
Nitzschia communis  ,NCOM,0,0,0,0,0,0,0,0,0,0,0,0,0,0,0,0,3,0,0,1,0,0,0,0,0,0,1,0,0,0,0,0,0,0,0,0,0,0,0,0,0,0,0,0,0,0,0,0,0,0,0,0,0,0,0,0,0,0,0,0,0,0,0,0,0,0,0,0,0,0,0,0,0,0,0,0,0,0,0,0,0,0,4,1,1,0,0,0,0,0,0,0,0,0,1,0,0,0,0,0,0,0,0,0,0,0,0,0
Navicula contenta  ,NCON,0,0,0,0,0,0,0,0,0,0,0,0,0,0,0,0,0,0,0,0,0,0,0,0,0,0,0,0,0,0,0,0,0,0,0,0,0,0,0,0,0,0,0,0,0,0,0,0,0,0,0,0,0,0,0,0,0,0,1,0,0,0,0,0,0,0,0,0,0,0,0,0,0,0,0,0,0,0,0,0,0,0,0,0,0,0,0,0,0,0,0,0,0,0,0,0,0,0,0,0,0,0,0,0,0,0,0,0
Nitzschia constricta  ,NCOT,0,0,2,0,0,0,0,0,0,1,4,0,0,0,0,0,0,0,0,0,0,0,0,0,0,0,1,0,0,0,0,0,0,2,0,0,0,0,0,0,0,0,0,0,0,0,0,0,1,0,0,0,0,0,0,0,0,0,1,0,2,0,0,0,0,0,0,0,0,0,0,0,0,0,2,0,0,0,0,0,0,0,0,0,0,0,0,0,0,0,0,0,0,0,0,0,0,0,0,0,0,0,0,0,0,0,0,0
Nitzschia capitellata  ,NCPL,1,0,0,0,0,0,0,0,0,0,0,0,0,0,0,0,0,0,0,0,0,0,0,0,0,0,0,0,0,0,0,0,0,0,0,0,0,0,0,0,0,0,0,0,0,0,0,0,0,0,0,0,0,0,0,0,0,0,0,0,0,0,0,0,0,0,0,0,0,0,0,0,0,0,0,0,0,0,0,0,0,0,0,0,0,0,0,0,0,0,0,0,0,0,0,0,0,0,0,0,0,0,0,0,0,0,0,0
Navicula cryptocephala  ,NCRY,1,0,0,0,0,0,2,0,1,32,6,9,13,15,11,22,33,15,5,5,3,21,5,7,5,3,6,7,0,10,5,1,1,1,4,8,2,0,0,0,0,0,0,0,3,0,1,1,6,1,1,2,5,0,0,0,0,0,6,3,0,1,5,4,26,39,15,7,2,0,2,1,0,1,2,4,0,0,0,0,0,1,0,1,1,0,1,0,0,1,4,4,0,6,0,2,0,0,0,0,0,0,0,0,0,0,2,0
Navicula cryptotenella  ,NCTE,0,0,0,0,0,0,0,0,0,0,0,0,0,0,0,0,0,0,0,0,0,0,0,0,0,0,0,0,0,0,0,0,0,0,0,0,0,0,0,0,1,0,0,0,0,0,0,0,2,0,2,0,0,0,0,0,0,0,0,0,0,0,0,0,0,0,0,0,0,0,0,0,0,0,0,0,0,0,0,0,0,0,0,0,0,0,0,0,0,0,0,0,0,0,0,0,0,0,0,0,0,0,0,0,0,0,0,0
Navicula cryptotenelloides  ,NCTO,0,0,0,0,0,0,0,0,0,0,0,0,0,0,0,0,0,0,1,0,0,0,0,0,0,0,0,0,0,0,0,0,0,0,0,0,0,0,0,0,0,0,0,0,0,0,0,0,0,0,0,0,0,0,0,0,0,0,0,0,0,0,0,0,0,0,0,0,0,0,0,0,0,0,0,0,0,0,0,0,0,0,0,0,0,0,0,0,0,0,0,0,0,0,0,0,0,0,0,0,0,0,0,0,0,0,0,0
Navicula cuspidata  ,NCUS,0,0,0,0,0,0,0,1,1,0,0,0,0,0,0,0,0,0,0,0,0,0,0,0,0,0,0,0,0,0,0,0,0,0,0,0,0,0,0,0,0,0,0,0,0,0,0,0,0,0,0,0,0,0,0,0,0,0,0,0,0,0,0,0,0,0,0,0,0,0,0,0,0,0,0,0,0,0,0,0,0,0,0,0,0,0,0,0,0,0,0,0,0,0,0,0,0,0,0,0,0,0,0,0,0,0,0,0
Navicula decussis  ,NDEC,0,0,0,0,0,0,0,1,0,0,0,0,0,0,0,0,0,0,0,0,0,0,0,0,0,0,0,0,0,0,0,0,0,0,0,0,0,0,0,0,0,0,0,0,0,0,0,0,0,0,0,0,0,0,0,0,0,0,0,0,0,0,0,0,0,0,0,0,0,0,0,0,0,0,0,0,0,0,0,0,0,0,0,0,0,0,0,0,0,0,0,0,0,0,0,0,0,0,0,0,0,0,0,0,0,0,0,0
Nitzschia desertorum  ,NDES,1,0,0,4,0,3,1,0,2,4,5,0,9,28,25,17,13,20,0,1,10,4,25,23,15,35,3,0,0,0,0,4,2,2,1,1,0,0,0,0,1,3,0,0,0,0,44,6,1,0,3,2,0,0,0,0,0,1,1,0,0,0,4,2,4,1,4,4,0,0,2,3,0,3,5,4,1,3,1,0,1,0,2,1,1,2,8,2,2,1,0,0,0,0,0,0,0,1,1,0,0,0,1,0,1,2,1,1
Nitzschia dissipata var. dissipata ,NDIS,0,0,0,0,0,0,0,0,0,5,2,0,0,2,0,0,0,0,0,0,0,0,6,0,0,1,0,0,0,0,0,0,0,0,0,0,0,0,0,0,0,0,0,0,0,0,0,0,0,0,0,0,0,0,0,0,0,0,0,0,0,0,0,0,0,0,0,0,0,0,0,0,6,4,13,0,2,0,0,2,0,2,15,4,2,0,0,0,0,0,16,4,5,1,4,0,0,0,0,5,0,19,6,4,0,0,0,0
Neidium ampliatum  ,NEAM,0,0,0,0,0,0,0,0,1,0,0,0,0,0,0,0,0,0,0,0,0,0,0,0,0,0,0,0,0,1,0,0,0,0,0,0,0,0,0,1,0,0,0,0,0,1,3,4,0,0,0,0,0,0,1,1,2,0,1,0,0,0,0,0,0,0,0,0,0,2,0,0,0,0,0,0,0,0,0,0,0,0,0,0,0,0,0,0,0,0,0,0,0,0,0,0,0,0,0,0,0,0,0,0,0,0,0,0
Neidium dubium  ,NEDU,0,4,0,1,1,1,1,0,0,0,0,0,1,0,0,2,0,0,0,0,0,0,1,0,0,0,0,0,0,0,0,0,0,5,3,1,1,0,3,0,3,0,0,1,0,0,0,0,0,0,0,2,0,1,1,0,0,0,0,0,0,0,0,3,0,0,0,0,0,0,0,0,0,0,0,0,0,0,0,0,0,0,0,0,0,0,0,0,0,0,0,0,0,0,0,0,0,0,0,1,0,0,0,0,0,0,0,0
Navicula erifuga  ,NERI,3,8,0,2,0,1,1,1,8,3,4,1,1,1,1,1,0,0,3,0,0,2,0,0,1,0,0,0,1,3,1,5,2,1,0,15,10,4,2,1,7,10,8,13,6,0,3,1,4,5,7,60,3,1,2,2,0,0,0,0,0,2,0,10,2,7,6,0,2,0,2,1,1,5,5,0,0,0,0,0,0,1,7,1,1,0,0,0,0,0,0,0,0,0,0,3,0,0,0,1,0,2,2,0,0,0,0,0
Nitzschia fasciculata  ,NFAS,0,0,0,0,0,0,0,0,0,0,0,0,0,0,0,0,0,0,0,0,0,0,0,0,0,0,0,0,0,0,1,0,0,0,0,0,0,0,0,0,0,0,0,0,0,0,0,0,0,0,0,0,0,0,0,0,0,0,0,0,0,0,0,0,0,0,0,0,0,0,0,0,0,0,0,0,0,0,0,0,0,0,0,0,0,0,0,0,0,0,0,0,0,0,0,0,0,0,0,0,0,0,0,0,0,0,0,0
Nitzschia fonticola  ,NFON,0,0,0,0,0,0,0,0,0,0,0,0,0,0,0,0,0,0,0,0,0,0,0,0,0,0,0,0,0,0,0,0,0,0,0,0,0,0,0,0,0,1,0,0,0,0,0,0,0,0,0,0,0,0,0,0,0,0,0,0,0,0,0,0,0,0,0,0,0,0,0,0,0,0,0,0,0,0,0,0,0,0,0,0,0,0,0,0,0,0,0,0,0,0,0,0,0,0,0,1,0,0,0,0,0,0,0,0
Navicula gregaria  ,NGRE,0,0,0,0,0,0,0,0,0,0,0,0,0,0,0,0,0,1,1,0,0,0,0,0,0,1,5,0,0,1,0,0,0,0,0,0,0,0,0,0,0,0,0,0,0,0,1,0,0,0,0,0,0,0,0,0,0,0,0,0,0,0,0,0,0,0,0,0,0,0,0,0,0,0,4,0,0,0,0,0,0,3,15,6,2,0,0,0,0,0,23,4,7,3,1,1,0,0,0,3,1,0,1,0,0,0,0,0
Nitzschia calida  ,NICA,0,0,0,0,0,0,0,0,0,0,0,0,0,0,0,0,0,1,0,0,0,0,0,0,0,0,0,0,0,0,0,0,0,0,0,0,0,0,0,0,0,0,0,0,0,0,0,0,0,0,0,0,0,0,0,0,0,0,0,0,0,0,0,0,0,0,0,0,0,0,0,0,0,0,0,0,0,0,0,0,0,0,0,0,0,0,0,0,0,0,0,0,0,0,0,0,0,0,0,0,0,0,0,0,0,0,0,0
Nitzschia frustulum var. frustulum ,NIFR,0,1,3,1,2,11,1,1,4,21,1,0,3,0,4,1,8,4,1,2,4,1,5,4,1,3,3,0,3,0,0,0,0,4,0,4,0,0,0,1,6,1,8,1,3,0,6,4,6,2,21,8,2,1,0,1,1,11,5,21,6,1,11,2,0,1,5,4,8,1,0,16,8,28,3,2,0,1,1,0,1,18,7,3,3,0,2,0,0,0,4,1,8,7,31,3,0,2,0,5,8,11,10,21,41,0,0,1
Nitzschia gracilis  ,NIGR,0,0,0,0,0,0,0,0,0,0,0,0,0,0,0,0,0,0,2,0,0,0,0,0,0,0,3,0,0,1,0,0,1,0,0,0,0,0,0,0,0,0,0,0,0,0,0,0,0,0,0,0,0,0,0,0,0,0,0,0,0,0,0,0,0,0,0,3,1,1,0,0,0,0,3,0,0,0,0,0,0,0,0,0,0,0,0,0,0,0,0,0,0,0,0,0,0,0,0,2,0,0,1,0,0,0,0,0
Nitzschia hungarica  ,NIHU,0,0,0,0,0,1,0,4,0,0,0,0,0,3,0,14,1,22,0,0,1,5,3,0,20,5,7,0,0,0,0,0,4,59,2,5,0,1,0,1,1,0,0,1,0,0,3,1,3,1,3,1,0,5,1,0,1,25,0,6,1,1,8,0,3,1,1,0,0,0,0,1,0,0,0,1,2,2,1,11,1,0,0,0,1,0,3,0,2,1,0,1,0,1,4,13,0,2,3,0,0,2,9,1,2,2,0,0
Navicula imperfecta  ,NIMP,0,0,0,0,0,0,0,0,0,0,0,0,0,0,0,0,0,0,0,0,0,0,0,0,0,0,0,0,0,0,0,0,0,0,0,0,0,0,0,0,0,0,0,0,0,0,0,0,0,0,0,0,1,0,0,0,0,0,0,0,0,0,0,0,0,0,0,0,0,0,0,0,0,0,0,0,0,0,0,0,0,0,0,0,0,0,0,0,0,0,0,0,0,0,0,0,0,0,0,0,0,0,0,0,0,0,0,0
Nitzschia inconspicua  ,NINC,0,1,0,0,1,0,0,1,0,0,0,0,2,1,0,1,0,0,2,0,0,0,0,0,0,0,0,0,0,0,0,0,0,0,0,0,0,0,1,0,1,0,0,4,0,0,0,1,1,9,34,0,3,0,0,0,0,0,14,1,0,0,2,0,0,0,5,0,1,0,0,0,0,0,0,0,1,0,0,0,0,0,0,0,0,0,0,0,0,0,0,1,0,0,1,0,0,0,0,0,0,0,0,0,1,0,0,0
Nitzschia intermedia  ,NINT,0,0,0,0,0,0,1,0,1,0,0,0,0,1,0,0,0,3,1,1,0,3,3,0,0,5,0,0,0,0,0,1,0,0,0,0,1,0,0,0,0,1,1,1,0,0,0,0,0,0,0,1,2,0,0,0,2,1,0,0,0,0,0,1,0,0,1,0,0,0,0,0,0,0,0,0,0,0,0,0,0,4,0,0,0,0,0,0,0,0,0,0,0,1,0,2,0,0,0,0,0,0,0,0,0,0,0,0
Nitzschia perminuta  ,NIPM,0,0,0,0,0,0,7,0,0,0,0,0,0,0,0,2,0,0,0,0,0,0,0,0,0,0,0,0,0,0,0,0,0,0,0,0,0,0,0,0,0,0,0,0,0,0,0,0,0,6,0,0,0,0,0,0,0,0,0,0,0,0,0,0,0,0,0,0,0,0,0,0,0,0,0,0,0,0,0,0,0,0,0,0,0,0,0,0,0,0,0,0,0,0,0,0,0,0,0,0,0,0,0,0,0,0,0,0
Navicula jacobii  ,NJAC,0,0,0,0,0,0,0,0,0,17,5,0,0,12,0,3,1,0,0,2,0,0,4,0,0,0,0,0,0,2,0,0,0,2,0,0,0,0,0,0,0,0,0,0,0,0,0,0,0,0,0,12,57,48,0,0,0,0,3,0,12,3,1,0,0,2,5,0,0,2,2,15,1,3,1,0,0,0,0,0,0,3,2,0,0,0,0,0,0,0,0,1,1,0,0,0,0,0,0,0,0,0,0,0,0,0,0,0
Navicula kotschyi  ,NKOT,0,0,0,0,0,0,0,0,0,0,5,0,0,1,0,0,0,1,0,0,0,0,1,0,0,0,0,0,0,0,0,0,0,0,0,0,0,0,0,0,0,0,0,0,0,0,1,0,3,1,0,0,0,0,0,0,0,3,0,3,0,0,0,0,2,0,0,0,0,0,0,0,2,3,0,0,0,0,0,0,0,0,0,0,0,0,0,0,0,0,0,0,0,0,0,0,0,0,0,0,0,0,0,0,0,0,0,0
Navicula laevissima  ,NLAE,0,0,0,0,0,0,0,0,0,0,0,0,0,0,0,0,0,0,0,0,0,0,0,0,0,0,0,0,0,0,0,0,0,0,0,0,0,0,0,0,0,0,0,0,0,0,0,0,0,0,0,0,0,0,0,0,0,0,0,0,0,0,0,0,0,0,0,0,0,0,0,0,0,0,1,0,0,0,0,0,0,0,0,0,0,0,0,0,0,0,0,0,0,0,0,0,0,0,0,0,0,0,0,0,0,0,0,0
Navicula lanceolata  ,NLAN,0,0,0,2,0,0,0,0,1,11,13,11,3,16,3,6,8,2,6,3,3,9,5,11,19,4,3,0,0,13,9,28,4,1,10,27,0,0,0,1,0,2,0,0,3,1,2,0,2,3,5,6,1,2,0,0,0,1,2,10,0,2,1,0,5,0,10,2,1,1,0,1,3,9,6,0,0,0,0,1,0,1,2,0,0,1,0,0,0,0,5,8,9,7,0,1,2,0,0,1,0,1,27,4,1,0,0,0
Navicula lapidosa  ,NLAP,0,0,0,0,0,0,0,0,0,0,0,0,0,0,0,0,0,0,0,0,0,0,0,0,0,0,0,0,0,0,0,0,0,0,0,0,0,0,0,0,0,0,0,0,0,0,0,0,0,0,0,0,0,0,0,0,0,0,1,0,0,0,0,0,0,0,0,0,0,0,0,0,0,0,0,0,0,0,0,0,0,0,0,0,0,0,0,0,0,0,0,0,0,0,0,0,0,0,0,0,0,0,0,0,0,0,0,0
Nitzschia levidensis  ,NLEV,0,0,0,0,0,0,0,0,0,0,0,0,0,0,0,0,0,0,0,0,0,0,0,0,0,0,0,0,0,0,0,0,0,3,0,0,0,0,0,0,0,0,0,0,0,0,0,0,0,0,0,0,0,0,0,0,0,0,0,0,0,0,0,0,0,0,0,0,0,0,0,2,0,0,0,0,0,0,0,0,0,0,0,0,0,0,0,0,0,0,0,0,0,0,0,0,0,0,0,0,0,0,0,0,0,0,0,0
Nitzschia linearis var. linearis ,NLIN,0,0,0,0,0,0,0,1,0,0,0,0,0,0,0,0,0,0,0,0,0,0,0,0,0,0,0,0,0,0,0,0,0,0,0,0,0,0,0,0,0,0,0,1,0,0,0,0,1,0,0,0,0,0,0,0,0,0,0,0,0,0,0,0,0,0,0,0,0,0,0,0,0,0,0,0,0,0,0,0,0,0,0,0,0,0,0,0,0,0,0,0,0,0,0,0,0,0,0,3,1,0,0,0,0,0,0,0
Navicula microcari  ,NMCA,0,0,0,4,0,2,0,0,0,27,1,5,1,12,0,4,4,0,6,0,0,5,2,2,2,2,1,10,7,4,1,7,1,1,1,11,0,0,0,0,0,0,0,0,0,0,2,0,0,0,0,6,29,13,0,0,0,0,14,6,8,6,0,0,0,0,6,1,2,4,8,17,106,67,33,0,0,0,0,0,0,7,22,40,1,1,0,0,0,0,19,61,10,1,2,0,0,0,0,4,6,24,1,1,2,0,0,0
Navicula menisculus var. menisculus ,NMEN,1,0,0,0,0,0,2,0,3,0,0,0,3,0,2,4,2,1,0,0,1,4,0,3,0,2,0,0,1,4,0,4,1,10,5,1,0,0,0,0,0,0,0,0,0,0,0,0,0,0,0,0,0,0,0,0,0,1,0,0,0,0,0,0,0,0,0,0,0,0,0,0,0,2,0,0,0,0,0,0,0,0,0,0,0,0,0,0,0,0,0,0,0,0,0,0,0,0,0,0,0,0,0,1,0,0,0,0
Nitzschia microcephala  ,NMIC,0,0,0,0,0,0,0,0,0,0,0,0,0,0,0,0,0,0,0,0,0,0,0,0,0,0,0,0,0,0,0,0,0,0,0,0,0,0,0,0,0,0,0,0,0,0,0,0,0,0,0,0,0,0,0,0,0,0,0,0,0,0,0,0,0,0,0,0,0,0,0,0,0,0,0,0,0,0,0,0,0,0,0,0,0,0,0,0,1,0,0,0,0,0,0,0,0,0,0,0,0,0,0,0,0,0,0,0
Nitzschia nana  ,NNAN,0,0,0,0,0,0,0,0,0,0,0,0,0,0,1,0,6,0,0,0,0,0,0,0,0,0,0,0,0,0,0,0,0,0,0,0,0,0,0,0,0,0,0,0,0,0,0,0,0,0,0,0,0,0,0,0,0,0,0,0,0,0,0,0,0,0,0,0,0,0,0,0,0,0,0,0,0,0,0,0,0,0,0,0,0,0,0,0,0,0,0,0,0,0,0,0,0,0,0,0,0,0,0,0,0,0,0,0
Navicula novaesiberica  ,NNOV,0,0,0,0,0,0,1,0,0,0,0,0,0,0,0,0,0,0,0,0,0,0,0,0,0,0,0,8,9,0,0,0,0,0,0,0,0,0,0,0,0,0,0,0,0,0,0,1,0,0,0,0,0,0,0,0,0,0,0,0,0,0,0,0,0,0,0,0,0,0,9,0,0,2,1,0,0,0,0,0,0,0,0,0,0,0,0,0,0,0,0,0,0,0,0,0,0,0,0,0,0,0,0,0,0,0,0,0
Navicula oligotraphenta  ,NOLI,0,0,0,0,0,0,0,0,0,4,0,0,0,0,0,0,0,0,0,0,0,0,0,0,0,0,0,0,0,0,0,0,0,0,0,0,0,0,0,0,0,0,0,0,0,0,0,0,0,0,0,0,0,0,0,0,0,0,1,0,0,0,0,0,0,0,0,0,0,0,0,0,0,0,1,0,0,0,0,0,0,0,0,0,0,0,0,0,0,0,0,0,0,0,0,0,0,0,0,0,0,0,0,0,0,0,0,0
Nitzschia paleacea  ,NPAE,5,3,4,0,1,0,16,2,7,0,0,0,0,2,0,0,0,0,0,1,0,0,0,0,0,0,0,0,0,0,0,0,0,0,0,0,4,6,1,0,0,0,1,0,1,0,0,0,2,0,0,0,8,0,3,1,5,6,6,9,0,0,0,1,0,0,0,0,16,0,0,0,0,0,10,0,0,0,0,0,0,0,0,0,0,0,0,0,0,0,0,0,0,0,0,0,0,0,0,0,34,12,3,0,0,0,0,0
Nitzschia palea  ,NPAL,273,270,218,186,326,300,316,176,283,72,253,297,89,230,36,102,222,98,178,128,93,255,177,86,188,180,97,212,147,129,77,6,136,55,191,126,281,313,335,287,245,326,199,147,192,37,38,45,123,122,54,26,86,85,205,251,240,111,17,228,41,29,54,24,219,115,192,248,220,95,118,19,108,142,105,188,275,282,210,119,210,121,92,148,296,270,265,270,256,292,191,111,54,170,213,234,298,307,236,183,144,99,119,177,227,308,171,262
Nitzschia pumila  ,NPML,0,0,0,0,0,0,0,0,0,0,0,0,0,0,0,0,0,1,0,0,0,0,0,0,0,0,0,0,0,0,0,0,0,0,0,0,0,0,0,0,0,0,0,0,0,0,0,0,0,0,0,0,0,0,0,0,0,0,0,0,0,0,0,0,0,0,0,0,0,0,0,0,0,0,0,0,0,0,0,0,0,0,0,0,0,0,0,0,0,0,0,0,0,0,0,0,0,0,0,0,0,0,0,0,0,0,0,0
Navicula salinarum var. salinarum ,NSAL,18,1,2,0,0,1,0,0,0,0,1,5,0,0,0,0,0,0,2,1,1,0,0,0,0,0,0,9,12,0,6,1,5,0,0,0,0,18,3,0,0,0,0,0,0,0,0,0,0,0,0,0,0,0,0,0,0,0,0,0,0,0,0,0,0,0,0,1,1,0,0,0,0,0,0,0,0,0,0,0,0,0,1,1,0,0,0,0,0,0,2,2,0,0,2,1,0,0,0,0,3,5,0,1,2,0,0,0
Navicula schoenfeldii  ,NSCH,0,0,0,0,0,0,0,0,0,0,0,0,0,0,0,0,0,0,0,0,0,0,0,0,0,0,0,0,0,0,0,0,0,0,0,0,0,0,0,0,0,0,0,0,0,0,0,0,0,0,0,0,4,0,0,0,0,0,0,0,0,0,0,0,0,0,0,0,0,0,0,0,0,0,0,0,0,0,0,0,0,0,0,0,0,0,0,0,0,0,0,0,0,0,0,0,0,0,0,0,0,0,0,0,0,0,0,0
Nitzschia sinuata var. delognei ,NSDE,0,0,0,0,0,0,0,0,0,0,0,0,0,0,0,0,0,0,0,0,0,0,0,0,0,0,0,0,0,3,0,0,0,0,0,0,0,0,0,0,0,0,0,0,0,0,0,0,0,0,0,0,0,0,0,0,0,0,0,0,0,0,0,0,0,0,0,0,0,0,0,0,0,0,1,0,0,0,0,0,0,0,0,0,0,0,0,0,0,0,0,0,0,0,0,0,0,0,0,0,0,0,0,0,0,0,0,0
Navicula schroeteri var. schroeteri ,NSHR,5,0,4,0,0,2,2,0,7,6,10,4,0,14,1,5,17,2,13,11,3,10,5,8,14,11,3,32,67,13,23,0,7,3,3,5,5,0,1,1,0,9,28,100,3,0,0,3,16,15,3,5,59,34,0,0,0,2,0,2,27,2,0,0,1,1,0,5,1,26,3,18,16,10,19,0,0,0,0,0,0,22,29,21,0,1,2,2,0,0,41,19,20,1,2,2,0,1,0,18,29,52,31,39,14,0,0,0
Nitzschia sigma  ,NSIG,0,0,0,0,1,0,0,0,0,5,1,0,0,5,0,0,0,0,0,0,0,1,16,0,0,0,0,1,0,1,0,0,0,3,0,1,0,0,0,0,1,0,0,0,0,0,0,0,0,0,0,0,0,0,0,0,0,0,1,0,0,0,0,0,0,0,1,1,2,1,0,1,0,0,0,0,0,0,0,0,0,0,0,0,0,0,0,0,0,0,0,0,0,0,0,0,0,0,0,1,0,5,0,0,0,0,0,0
Navicula schroeteri var. symmetrica ,NSSY,0,0,0,0,0,0,0,0,0,0,0,0,0,0,0,0,0,0,0,0,0,0,1,0,0,0,0,0,0,0,0,0,0,0,0,0,0,0,0,0,0,0,0,0,0,0,0,0,0,0,0,0,0,0,0,0,0,0,0,0,0,0,0,0,0,0,0,0,0,0,0,0,0,0,0,0,0,0,0,0,0,0,0,0,0,0,0,0,0,0,0,0,0,0,0,0,0,0,0,0,0,0,0,0,0,0,0,0
Navicula tenelloides  ,NTEN,0,0,5,0,0,2,0,0,0,0,0,0,2,1,0,0,2,0,2,0,0,0,0,0,0,0,0,0,0,0,0,0,0,0,0,0,0,0,0,0,19,0,2,3,9,0,0,0,4,10,0,0,0,0,0,0,0,0,0,5,1,2,0,1,1,0,0,0,1,0,0,1,1,0,0,0,0,0,0,0,0,0,0,0,0,0,0,0,0,0,0,0,0,0,0,0,0,0,0,1,0,0,0,0,0,0,0,0
Navicula tripunctata  ,NTPT,0,0,0,0,0,0,0,0,0,0,0,0,0,0,0,0,0,0,0,0,0,0,0,0,0,0,0,0,0,0,0,0,0,0,0,0,0,0,0,0,0,0,0,0,0,0,2,0,0,0,0,0,0,0,0,0,0,0,0,0,0,0,0,0,0,0,0,0,0,0,0,0,0,0,0,0,0,0,0,0,0,0,0,0,0,0,0,0,0,0,0,0,0,0,0,0,0,0,0,0,0,0,0,0,0,0,0,0
Navicula trivialis var. trivialis ,NTRV,0,0,0,0,0,0,0,0,0,0,0,0,0,0,0,0,0,0,0,0,0,0,0,0,0,0,4,0,0,0,0,0,0,0,0,0,0,0,0,0,0,0,0,0,0,0,0,0,0,0,0,0,0,0,0,0,0,0,0,0,0,0,0,0,0,0,0,0,0,0,0,0,0,0,0,0,0,0,0,0,0,1,0,2,0,0,0,0,0,0,3,0,0,2,2,0,0,0,0,0,0,0,0,0,0,0,0,0
Nitzschia umbonata  ,NUMB,0,0,1,1,0,2,0,0,5,3,4,0,4,7,10,64,23,30,0,0,4,10,13,0,23,65,32,2,0,3,1,5,0,66,24,20,6,3,0,0,5,3,1,1,0,0,11,13,3,0,2,6,2,3,2,3,1,17,0,0,0,0,5,5,7,0,2,4,0,2,5,0,0,0,0,112,89,74,92,176,92,0,0,1,68,45,98,41,96,19,0,2,2,42,15,27,14,30,50,0,1,1,69,55,11,16,10,18
Navicula vandamii var. vandamii ,NVDA,0,0,0,0,0,0,0,0,0,0,0,0,0,0,0,0,0,0,0,0,0,0,0,0,0,0,0,0,0,0,0,0,0,0,0,0,0,0,0,0,0,0,0,0,0,0,0,0,0,0,0,0,0,0,0,0,0,0,0,0,0,0,0,0,0,0,0,0,0,0,0,0,0,0,1,0,0,0,0,0,0,0,0,5,0,0,0,0,0,0,4,7,1,0,0,0,0,0,0,0,0,0,0,0,0,0,0,0
Navicula veneta  ,NVEN,4,4,30,4,3,24,9,3,17,23,20,2,6,52,6,15,23,18,9,6,2,16,23,22,9,22,24,41,26,43,36,34,22,34,27,58,16,2,0,7,5,6,1,1,6,21,55,133,44,31,72,53,21,9,25,21,26,11,19,32,6,2,4,50,8,25,65,13,14,7,2,0,24,44,40,4,3,4,5,4,5,13,12,10,0,0,0,3,4,6,25,27,2,10,11,7,0,4,1,15,6,12,11,8,6,0,1,0
Nitzschia vermicularis  ,NVER,0,0,0,0,0,0,0,0,0,0,0,0,0,0,0,0,0,0,0,0,0,0,0,0,0,0,0,0,0,0,0,0,0,0,0,0,0,0,0,0,0,0,0,0,0,0,0,0,0,0,0,0,0,0,0,0,0,0,0,0,10,0,0,0,0,0,0,0,0,0,0,0,0,0,0,0,0,0,0,0,0,0,0,0,0,0,0,0,0,0,0,0,0,0,0,0,0,0,0,0,0,0,0,0,0,0,0,0
Navicula viridula  ,NVIR,0,0,0,0,0,0,1,0,0,0,0,0,0,0,0,0,0,0,0,0,0,0,0,0,0,0,0,0,0,0,0,0,1,0,0,0,0,0,0,0,3,2,0,1,0,0,0,0,0,5,0,0,0,0,0,0,0,0,0,0,0,0,0,0,0,0,0,0,0,0,0,0,0,0,0,0,0,0,0,0,0,0,0,0,0,0,0,0,0,0,0,0,0,0,0,0,0,0,0,0,1,0,0,0,0,0,0,0
Nitzschia valdecostata  ,NVLC,0,0,0,0,0,0,0,0,0,0,0,0,0,0,0,0,0,0,0,0,0,0,0,0,1,0,0,0,0,0,0,0,0,0,0,0,0,0,0,0,0,0,0,0,0,0,0,0,0,0,0,0,0,0,0,0,0,0,0,0,0,0,0,0,0,0,0,0,0,0,0,0,0,0,0,0,0,0,0,0,0,1,0,0,0,2,0,0,0,1,0,0,0,0,0,0,0,0,0,0,0,0,0,0,0,0,0,0
Navicula viridula var. rostellata ,NVRO,0,0,1,0,0,0,0,0,0,0,0,0,0,0,0,0,0,0,0,0,0,0,0,0,0,0,0,0,0,0,0,0,0,0,0,0,0,0,0,0,0,0,0,0,0,0,0,0,0,0,0,0,0,0,0,0,0,0,0,0,0,0,0,0,0,0,0,0,0,0,0,0,0,0,0,0,0,0,0,0,0,0,0,0,0,0,0,0,0,0,0,0,0,0,0,0,0,0,0,0,0,0,0,0,0,0,0,0
Nitzschia angustatula  ,NZAG,0,0,0,0,0,0,0,0,0,0,0,0,0,0,0,0,0,0,0,0,0,0,0,0,0,0,0,0,0,0,0,0,0,0,0,0,0,1,0,0,0,0,0,0,0,0,0,0,1,1,0,0,0,1,0,0,0,0,0,0,0,0,0,0,0,0,0,0,0,0,0,0,0,0,0,0,0,0,0,0,0,0,0,0,0,0,0,0,0,0,0,0,0,0,0,0,0,0,0,1,0,0,0,0,0,0,0,0
Pinnularia acrospheria var. acrospheria ,PACR,0,0,0,0,0,0,0,0,0,0,0,0,0,0,0,0,0,0,0,0,0,0,0,0,0,0,0,0,0,0,0,0,0,0,0,0,0,0,0,0,0,0,0,0,0,0,1,1,1,0,0,0,0,0,0,0,0,0,0,0,0,0,0,0,0,0,0,0,0,0,0,0,0,0,0,0,0,0,0,0,0,0,0,0,0,0,0,0,0,0,0,0,0,0,0,0,0,0,0,0,0,0,0,0,0,0,0,0
Pinnularia brebissonii var. brebissonii ,PBRE,0,0,0,0,0,0,0,0,0,0,0,0,0,0,0,0,0,0,0,0,0,0,0,0,0,0,0,0,0,0,0,0,0,0,0,0,0,0,0,0,0,0,0,0,0,0,0,0,0,0,0,0,0,1,0,0,0,0,0,0,0,0,0,0,0,0,0,0,0,0,0,0,0,0,0,0,0,0,0,0,0,0,0,0,0,0,0,0,0,0,0,0,0,0,0,0,0,0,0,0,0,0,0,0,0,0,0,0
Pinnularia gibba  ,PGIB,0,0,0,0,0,0,0,0,0,1,1,0,0,0,0,1,0,0,0,0,0,0,0,0,0,0,0,0,0,0,0,0,0,0,0,0,0,0,0,0,0,0,0,0,0,0,0,0,0,0,0,0,0,0,0,0,0,0,0,0,0,0,0,0,0,0,0,0,0,0,0,0,0,0,0,0,0,0,0,0,0,0,0,0,0,0,0,0,0,0,0,0,2,0,0,0,0,0,0,0,0,0,0,0,0,0,0,0
Pleurosira laevis fo. laevis ,PLEV,0,0,0,0,0,0,0,0,0,0,0,0,0,0,0,0,0,0,0,0,0,0,0,0,0,0,0,0,0,0,0,0,0,0,0,0,0,0,0,0,0,0,0,0,0,0,0,0,0,0,0,0,0,0,0,0,0,0,0,0,0,0,18,0,0,0,0,0,0,0,0,0,0,0,0,0,0,0,0,0,0,0,0,0,0,0,0,0,0,0,0,0,0,0,0,0,0,0,0,0,0,0,0,0,0,0,0,0
Planothidium frequentissimum  ,PLFR,0,0,0,0,0,0,0,0,0,0,0,0,0,0,0,0,0,0,0,0,0,0,0,0,0,0,0,0,0,0,0,0,0,0,0,0,0,0,0,0,0,0,0,0,0,0,0,0,0,0,0,0,0,0,0,0,0,0,0,0,0,0,0,0,0,0,0,0,0,0,0,0,0,0,2,0,0,0,0,0,0,0,0,0,0,0,0,0,0,0,0,0,0,0,0,0,0,0,0,0,0,0,0,0,0,0,0,0
Pinnularia microstauron var. microstauron ,PMIC,0,1,1,0,0,0,0,0,0,4,2,1,0,0,0,0,1,1,1,1,0,1,4,1,5,12,8,0,0,5,1,9,5,110,4,11,0,0,1,1,0,0,0,1,0,2,65,45,1,0,9,0,0,0,3,1,0,18,3,4,2,0,13,7,4,0,0,0,0,0,0,3,1,3,1,5,4,1,20,7,20,0,0,0,4,3,5,6,10,2,0,2,0,6,2,4,19,15,23,2,4,1,16,31,6,10,11,2
Placoneis placentula  ,PPLC,0,0,0,0,0,0,0,0,0,1,0,0,0,0,0,0,0,0,2,0,0,0,0,0,0,0,0,0,0,0,0,0,0,0,0,0,0,0,0,0,0,0,0,0,0,0,0,0,0,0,0,0,0,0,0,0,0,0,0,0,0,0,0,0,0,0,0,0,0,0,0,0,0,0,0,0,0,0,0,0,0,0,1,0,0,0,0,0,0,0,0,0,0,0,0,1,0,0,0,3,0,0,0,0,0,0,0,0
Planothidium rostratum  ,PRST,0,0,5,0,0,0,0,0,0,0,0,0,0,0,0,1,0,0,1,0,0,0,0,0,0,0,0,1,0,2,0,0,0,0,0,0,0,0,0,0,0,1,0,0,0,0,0,0,0,0,0,0,0,0,0,0,0,0,0,0,0,0,0,0,0,0,0,0,0,0,0,0,0,1,5,0,0,0,0,0,0,0,0,0,0,0,0,0,0,0,0,0,0,0,0,0,0,0,0,3,0,6,1,0,0,0,0,0
Pinnularia subcapitata var. subcapitata ,PSCA,0,0,0,0,0,0,0,0,1,3,0,0,0,0,0,0,0,0,0,2,0,0,2,0,1,0,1,3,2,4,0,0,0,0,0,2,0,0,0,0,0,0,0,0,0,0,0,1,0,0,0,0,0,0,0,0,0,0,1,0,0,0,0,20,2,2,0,4,1,0,0,0,0,0,0,0,0,0,0,0,0,0,0,0,0,0,0,0,0,0,0,1,0,0,0,0,0,0,0,7,2,3,3,0,0,0,0,0
Planothidium lanceolatum  ,PTLA,0,0,16,0,0,0,0,1,0,1,0,0,0,0,1,0,0,3,0,7,0,0,3,0,0,0,0,1,3,4,3,3,0,0,1,0,0,0,0,0,0,0,0,0,0,0,2,0,0,0,0,0,0,0,0,0,0,0,4,0,0,0,1,0,1,0,2,0,0,0,0,0,0,0,2,0,0,0,0,0,0,0,0,6,0,0,0,0,1,0,3,2,0,0,0,0,0,1,0,0,0,1,0,3,1,0,0,0
Pinnularia viridis var. viridis morphotype 1 ,PVIR,0,0,0,0,0,0,0,0,0,0,0,0,0,0,0,0,0,0,0,0,0,0,0,0,0,0,0,0,0,0,0,0,0,0,0,0,0,0,0,0,0,0,0,0,0,0,0,3,0,0,0,0,0,0,0,0,0,0,0,0,0,0,0,0,0,0,0,0,0,0,0,0,0,0,0,0,0,0,0,0,0,0,0,0,0,0,0,0,0,0,0,0,0,0,0,0,0,0,0,0,0,0,0,0,0,0,0,0
Rhoicosphenia abbreviata  ,RABB,0,0,0,0,0,0,0,0,0,2,0,0,0,0,1,2,1,0,0,2,0,0,0,0,0,0,1,2,0,0,0,5,2,1,0,1,0,0,0,0,0,0,0,0,0,0,0,0,0,0,0,0,0,0,0,0,0,2,0,0,3,0,1,1,0,0,1,0,0,0,0,0,0,0,6,2,1,0,0,1,0,0,0,0,0,0,0,0,4,1,0,0,1,4,1,0,0,0,0,0,2,0,0,0,3,0,0,0
Rhopalodia brebissonii  ,RBRE,0,0,0,0,0,0,0,0,0,0,0,0,0,0,0,0,0,0,0,0,0,0,0,0,0,1,0,0,0,0,0,0,0,0,0,0,0,0,0,0,0,0,0,0,0,0,0,0,0,10,0,0,2,0,0,0,0,0,0,0,0,0,0,0,0,0,0,0,7,0,0,3,0,0,0,0,0,0,0,0,0,0,0,0,0,0,0,0,0,0,0,0,0,0,0,0,0,0,0,0,0,0,0,0,0,0,0,0
Rhopalodia constricta  ,RCON,0,0,0,0,0,0,0,0,0,0,0,0,0,0,0,0,0,0,0,0,0,0,0,0,0,0,0,0,0,0,0,0,0,0,0,0,0,0,0,0,0,0,0,0,0,0,0,0,0,0,0,0,0,0,0,0,0,0,0,0,0,0,0,0,0,0,0,0,0,0,0,0,1,0,0,0,0,0,0,0,0,0,0,0,0,0,0,0,0,0,0,0,0,0,0,0,0,0,0,0,0,0,0,0,0,0,0,0
Rhopalodia gibberula  ,RGBL,0,0,0,0,0,0,0,0,0,0,0,0,0,0,0,0,0,0,0,0,0,0,0,0,0,0,0,0,0,0,0,0,0,0,0,0,0,0,0,0,0,0,1,4,0,0,0,0,0,0,0,0,0,0,0,0,0,0,0,0,0,0,0,0,0,0,0,0,0,0,0,0,0,0,0,0,0,0,0,0,0,0,0,0,0,0,0,0,0,0,0,0,0,0,0,0,0,0,0,0,0,0,0,0,0,1,0,0
Surirella angusta  ,SANG,2,0,2,1,0,0,0,0,0,7,7,0,0,2,1,0,0,1,1,2,2,2,7,0,0,1,4,19,3,8,4,1,2,1,1,1,0,1,0,5,1,0,0,0,0,0,0,0,3,0,1,0,1,2,2,3,0,1,0,4,1,4,0,1,3,1,1,1,2,0,0,0,0,8,4,1,0,1,0,0,0,0,7,40,0,1,1,0,1,1,3,12,3,2,6,5,0,3,0,4,8,8,0,2,5,0,0,0
Surirella brebissonii var. brebissonii ,SBRE,0,0,3,0,0,0,0,0,0,0,0,0,0,1,0,0,0,0,2,0,0,1,0,0,1,0,0,0,2,0,0,0,4,0,3,0,0,0,1,0,0,0,3,1,1,0,2,0,0,0,0,0,1,1,0,0,1,0,0,0,0,1,0,0,0,0,1,0,1,0,3,0,1,1,5,0,0,0,0,0,0,0,1,0,0,0,0,0,0,0,0,0,0,0,0,0,0,0,3,5,0,1,4,1,0,0,0,0
Simonsenia delognei  ,SIDE,0,0,0,0,0,0,0,0,0,0,0,0,0,0,0,0,0,0,0,0,0,0,0,0,0,0,0,0,0,0,0,0,0,0,0,0,0,0,0,0,0,0,0,0,0,0,0,0,0,0,0,0,0,0,0,0,0,0,0,0,0,0,0,0,0,0,0,0,0,0,0,0,0,1,0,0,0,0,0,0,0,0,0,0,0,0,0,0,0,0,0,0,0,0,0,0,0,0,0,0,0,0,0,0,0,0,0,0
Surirella ovalis  ,SOVI,1,0,2,0,0,0,0,0,0,0,0,0,0,0,0,0,0,0,0,0,0,0,0,0,0,0,0,0,0,0,0,0,0,0,0,0,0,0,0,0,0,0,0,0,0,0,0,0,0,0,0,0,0,0,0,0,0,0,0,0,0,0,0,0,0,0,0,0,0,0,0,0,0,0,0,0,0,0,0,0,0,1,1,0,1,0,1,0,0,0,5,3,6,5,0,1,0,0,0,0,10,11,4,12,3,0,0,0
Sellaphora pupula  ,SPUP,7,15,1,73,93,8,14,49,10,10,7,2,34,19,34,27,5,41,7,4,35,29,8,64,17,16,21,6,4,6,14,1,1,23,35,17,23,6,7,7,8,9,16,5,10,15,49,18,37,15,26,15,13,6,30,7,28,11,20,14,8,4,2,0,63,38,16,28,34,3,3,5,15,6,1,31,3,15,33,0,33,0,0,0,14,25,15,34,21,17,0,0,0,36,4,11,9,51,23,2,0,2,24,14,3,16,26,33
Sellaphora seminulum  ,SSEM,1,0,0,0,0,0,0,0,0,0,0,0,3,0,0,1,0,1,7,8,0,2,6,0,1,0,0,4,0,8,0,0,0,0,0,0,0,1,1,0,2,0,0,0,1,0,0,0,3,5,1,4,2,0,0,0,0,2,4,0,0,0,0,1,0,0,1,0,1,0,0,0,0,0,0,2,0,0,0,0,0,2,1,0,0,0,0,0,0,0,0,3,0,0,0,0,0,0,0,0,6,0,0,0,0,0,4,0
Surirella splendida  ,SSPL,0,0,0,0,0,0,0,0,0,0,0,0,0,0,0,0,0,0,0,0,0,0,0,0,0,0,0,0,0,0,0,0,0,0,0,0,0,0,0,0,0,0,0,0,0,0,0,0,0,0,0,0,0,0,0,0,0,0,0,0,0,0,0,0,0,0,0,0,0,0,0,0,0,0,0,0,0,0,0,0,0,0,0,0,0,0,0,0,0,0,0,0,0,0,0,0,0,0,0,1,0,0,0,0,0,0,0,0
Stauroneis brasiliensis  ,STBR,0,0,0,0,0,0,0,0,0,0,0,0,0,0,0,0,0,0,0,0,0,0,0,0,0,0,0,0,0,0,0,0,0,0,0,0,0,0,0,0,0,0,0,0,1,0,0,0,0,0,0,0,0,0,0,0,0,0,0,0,0,0,0,0,0,0,0,0,0,0,0,0,0,0,0,0,0,0,0,0,0,0,0,0,0,0,0,0,0,0,0,0,0,0,0,0,0,0,0,0,0,0,0,0,0,0,0,0
Surirella tenera  ,SUTE,0,0,0,1,0,0,0,0,0,0,0,0,0,0,0,0,0,1,1,0,0,0,0,0,0,2,0,0,0,0,0,0,0,1,1,0,0,1,0,0,0,0,0,0,0,0,0,0,0,0,1,0,0,0,0,0,0,0,0,0,0,0,0,0,0,0,0,0,0,0,0,0,0,0,1,0,0,0,0,0,0,1,3,1,0,0,0,0,0,0,1,2,0,0,0,1,0,0,0,0,0,6,5,0,0,0,0,0
Tryblionella levidensis  ,TLEV,0,0,0,0,0,0,0,0,0,0,0,0,0,0,0,0,1,0,0,0,0,0,0,0,0,0,0,0,0,0,0,0,0,0,0,0,0,0,0,0,0,0,0,0,0,0,0,0,0,0,0,0,0,0,0,0,0,0,0,0,0,0,0,0,0,0,0,0,0,0,0,0,0,0,0,0,0,0,0,0,0,0,0,0,0,0,0,0,0,0,0,0,0,0,0,0,0,0,0,0,0,0,0,0,0,0,0,0
Ulnaria ulna  ,UULN,1,0,0,0,0,0,0,0,1,0,0,0,0,0,0,0,0,0,0,0,0,0,0,0,0,0,0,0,0,0,0,1,0,0,0,0,0,0,0,0,0,0,0,0,0,0,1,0,0,0,0,0,0,0,0,0,0,2,0,0,0,0,3,0,0,0,0,0,0,0,0,0,1,0,0,0,0,0,0,0,0,0,0,0,1,0,0,0,0,0,0,1,1,3,4,5,0,0,0,1,1,2,1,1,6,0,0,0
